Firma;Web-adresse for fjernsalg
Elekcig AB;www.elekcig.dk
Gilla Europe Kft.;http://vaporliq.com/
Finest Vapes Limited;http://finestvapes.co.uk/
SmokeStik Europe;http://smokestik.co.uk/
SmokeStik Europe;http://smokestik.nl/
Creme de Vape;http://www.cremedevape.com/
Cuts Ice Ltd;http://www.13-sins.com/
Cuts Ice Ltd;http://www.halcyonhaze.co.uk/
Cuts Ice Ltd;http://www.rude-oil.com/
Cuts Ice Ltd;http://www.t-juice.com/
Rebecca Lord;https://www.mrslord.co.uk/
Nexvap Limited;http://www.nexvap.com/
The Vapestick Group Ltd.;https://www.e-liquidsupermarket.co.uk/
The Vapestick Group Ltd.;https://www.vapestick.co.uk/
Must Have Ltd;http://www.vipelectroniccigarette.co.uk/
Must Have Ltd;http://www.vipelectroniccigarette.ie/
Must Have Ltd;https://www.e-liquidsupermarket.co.uk/
Must Have Ltd;www.vipcig.co.uk
Vapetto Limited;http://www.vapestoreuk.co.uk/
Vapetto Limited;https://www.vapetto.com/
Red Vape LTD;https://www.redvape.com/
Boss Vapes Limited;http://bossvapes.co.uk/
ZD-Vapes;https://www.zd-vapes.co.uk/
E-cig Room Ltd.;http://www.ecigroom.co.uk/
Generals Juices;generalsjuices.co.uk
C Page Ltd. T/A Vape Shop Brighton;http://brightonrockeliquids.co.uk/
C Page Ltd. T/A Vape Shop Brighton;https://www.vapeshopbrighton.co.uk/
Liberty Flights Holdings Limited;https://www.liberty-flights.co.uk/
Decadent Vapours Ltd.;http://decadentvapours.com/
Decadent Vapours Ltd.;www.djinnivape.com/
Apache Vape;http://www.apachevape.com/
Vampire Vape (Flavour Warehouse);https://www.vampirevape.co.uk/
Juice Shop;http://juiceshop.co.uk/
Pillbox 38 (UK) Ltd T/A Totally Wicked E-liquid;http://www.totallywicked-eliquid.co.uk/
Hwbl Bwbl;https://www.hwblbwbl.co.uk/
esug.dk;http://www.epuff.co.uk/
esug.dk;http://www.esug.dk/
CCHG Ltd T/A Vaporized;http://www.vaporized.co.uk/
1111 EC Services Ltd.;https://www.buyv2cigs.co.uk/
1111 EC Services Ltd.;www.v2cigs.co.uk
The Electronic Cigarette Company;http://www.theelectroniccigarette.co.uk/
Vape Mountain LTD;https://www.vapemountain.com/
ECO Vape LTD;http://www.eco-vape.uk/
Paul Simmonds T/A Health and Care;http://www.healthandcare.co.uk/
www.thedruidsbrew.co.uk;www.thedruidsbrew.co.uk
Glen Smith;https://www.apevaping.co.uk/
Make My Vape Limited;https://makemyvape.co.uk/
Vapeandecigstore;http://www.vapeandecigstore.co.uk/
Thats Nice Limited;http://www.flavourart.co.uk/
VapourNaught Ltd;https://vapournaught.com/
Eden Mods Ltd.;http://www.edenmods.uk/
Celtic Vapours;http://www.celticvapours.com/
Celtic Vapours;http://www.wholesalecelticvapours.com/index.php/customer/account/login/
BSMW Ltd.;www.blendandbottle.com
BSMW Ltd.;www.eliquidwholesale.uk
BSMW Ltd.;www.onepoundeliquid.com
Tablites Limited;www.tablites.com
Marc Powell;www.vapeexplorer.co.uk
Marc Powell;www.vapeexplorer.com
Marc Powell;www.vapexplorer.co.uk
Marc Powell;www.vapexplorer.com
Prestige Vaping UK Ltd;www.prestige-vaping.co.uk
European Electronic Cigarettes Ltd. (trading as MagicMist);www.themagicmist.co.uk
Ezee Products Ltd.;www.ezee-e.co.uk
Ezee Products Ltd.;www.ezee-e.de
Ezee Products Ltd.;www.ezee-e.dk
House of Liquid Nottingham Ltd.;www.houseofliquid.com
Wolfpack Wholesale Global Limited;www.vapewild.com
Wolfpack Wholesale Global Limited;www.vapewild.eu
Wolfpack Wholesale Global Limited;www.wholesale.vapewild.com
888 Vapour LTD;www.888vapour.co.uk
Juice Sauz LTD;www.juicesauz.co.uk
The Electric Tobacconist Ltd;www.electrictobacconist.co.uk
Pink Mule S.L.;www.pink-mule.com
Inhale Eliquid Limited;www.inhale-eliquid.com
The Attysmith;www.hellfiremod.co.uk
E-vap Limited;www.le-vap.com
E-vap Limited;www.le-vapwholesale.com
Meekvape Ltd;www.meekvape.com
Electronic Cigarettes Europe GmbH;www.dansmoke.com
Vape Freaks;www.vapefreaks.com
Beaum Vape Ltd.;www.beaumvape.co.uk
Heaven Gifts Ireland CO., Limited;www.heavengifts.com
Electronic Cigarettes Ltd.;www.ecigwizard.com
Elda ltd.;www.cbd4u.eu
Elda ltd.;www.ecig4u.com
Elda ltd.;www.ecig4u.de
Elda ltd.;www.ecig4u.ie
Elda ltd.;www.eliquid-shop.com
Dampfer.biz;www.dampfer.biz
Admiral Vape Ltd;admiralvape.co.uk
Hyde Vapes LTD;www.hydevapes.co.uk
Hyde Vapes LTD;www.hydevapes.com
Cellares AB;www.dampshop.dk
Cellares AB;www.eciggbutik.se
Suaning Import;www.dampexperten.dk
Socialites;www.socialiteszero.co.uk
Socialites;www.socialiteszero.co.uk
Socialites;www.socialiteszero.de
Socialites;www.socialiteszero.nl
BigJuiceUK and UKFlavour;www.bigjuiceuk.co.uk
Gilla Operations Europe s.r.o.;www.coliglaze.com
Gilla Operations Europe s.r.o.;www.craftcloudsvapor.com
Gilla Operations Europe s.r.o.;www.craftvapes.com
Gilla Operations Europe s.r.o.;www.crownliquid.com
Gilla Operations Europe s.r.o.;www.gilla.com
Gilla Operations Europe s.r.o.;www.sirenvapor.com
Gilla Operations Europe s.r.o.;www.surfsaucevapor.com
Gilla Operations Europe s.r.o.;www.thedripfactoryeliquid.com
Gilla Operations Europe s.r.o.;www.themadalchemist.com
Gilla Operations Europe s.r.o.;www.tmaevenmadder.com
Gilla Operations Europe s.r.o.;www.tmavapor.com
Gilla Operations Europe s.r.o.;www.vaporliq.com
Gilla Operations Europe s.r.o.;www.vaporsdozen.com
Gilla Operations Europe s.r.o.;www.vintovape.com
E-væsker;www.evaesker.dk
PlumeBlu;www.colonelboom.co.uk
PlumeBlu;www.plumeblu.co.uk
Cloudstix.com LTD;www.cloudstix.com
Cloudstix.com LTD;www.officialaspire.co.uk
Mirage Cigarettes Ltd;www.miragecigarettes.co.uk
Northwest Vape;www.northwestvape.co.uk
S&HEAVEN;www..e-cigaretteshop.eu
S&HEAVEN;www.e-cigaretteshop.co.uk
S&HEAVEN;www.e-cigaretteshop.ie
EECD UG;www.xsmoke.com
SARL VDLV;www.vincentdanslesvapes.fr
TJs E Cigarettes LTD;www.tj-ecigs.co.uk
Vape Cloud UK;www.vapeclouduk.co.uk
Vape Direct Ltd.;www.riotsquadeliquid.com
Vape Direct Ltd.;www.vapedirect.com
Kivapour;www.kivapour.ie
Vape Shop Brighton;www.vapeshopbrighton.co.uk
Haroon Zaman;www.foggfather.co.uk
Haroon Zaman;www.stylexcloud.co.uk
Vape Cook Ltd;www.vapechef.co.uk
Nordic E-cigg AB;www.nordicecigg.com
European Vaping Supplies Limited;www.ecigarettebrands.net
Black Box Sweden AB;www.esmokes.se
SUBOHM AB;www.subohm.com
SELTEC LTD;www.fsecig.com
Brand Management & Distribution Ltd;www.nicotine.ie
Vapour Depot Limited;www.vapourdepot.com
SpaceInvapers Limited;www.spaceinvapers.co.uk
Esmog.dk / Mpausen SL;www.Esmog.dk
Esmog.dk / Mpausen SL;www.Esmøg.dk
Joely Simwuen TOH;www.eliquiddelight.com
B-JAW B.V.;www.b-jaw.com
B-JAW B.V.;www.b-jaw.nl
Puffin Clouds Limited;https://puffinclouds.co.uk
Vape UK;www.vapeuk.co.uk
The Vape Dot Bar Ltd;https://handpickedvapes.com
Drip Demon Ltd;www.dripdemon.com
OK E Cig (Trading under Halco Products ltd);www.ok-ecig.com
Vapable Ltd.;www.vapable.com
Evolution Vaping Ltd.;www.evolutionvaping.co.uk
Economy Vapours UK LTD;www.economyvapours.co.uk
Vapour Town;www.vapourtown.com
The London Vape Company Ltd;www.thevape.co
VaporDNA;www.vapordna.com
IRSHA Solutions Ltd T/S Vaping Wholesale UK;www.vapingwholesaleuk.co.uk
Vapely Ltd;www.vapely.co.uk
Vapely Ltd;www.vapely.eu
Vapely Ltd;www.vapely.ie
Vapely Ltd;www.vapely.io
The Klinsmann Partnership Ltd T / A lovevaping.com;lovevaping.com
